word	freq
dataconnection	67
接続	62
on	48
処理	48
イベント	41
mediaconnection	40
データ	27
端末	27
監視	27
close	27
log	25
console	24
際	24
時	24
受信	24
スマート	22
@	22
()	21
送信	21
data	20
...	20
callback	19
グラス	19
peer	19
2	18
確立	18
e	17
event	16
要求	16
発生	16
f	15
monitor	14
s	14
転送	14
c	14
作業	14
edc	14
video	13
場合	13
画面	12
切断	12
メッセージ	12
o	12
3	12
メソッド	12
payload	11
)-	11
オブジェクト	11
p	11
表示	11
mediastream	11
mic	11
:(	11
画像	11
マイク	10
off	10
image	10
相手	10
remote	10
if	10
type	10
a	10
可能	10
call	10
実装	10
利用	10
message	9
waiting	9
テキスト	9
device	9
monitorclass	9
先	9
指示	9
connecting	8
l	8
1	8
open	7
文字	7
ls	7
connect	7
callto	7
send	7
peerjs	6
クリック	6
フロー	6
stream	6
makecall	6
破棄	6
通常	6
)=	6
,(	6
委譲	6
支援	5
0	5
imagehandler	5
coffee	5
上	5
映像	5
].	5
()[	5
システム	5
messagehandler	5
列	5
側	5
カメラ	5
getaudiotracks	5
設定	5
id	5
terminate	5
,=	4
closecall	4
?@	4
answer	4
音声	4
)。	4
json	4
null	4
遠隔	4
信頼	4
sendtype	4
性	4
itorclassextendsbaseclass	4
binary	4
双方	4
ユニーク	4
d	4
connection	4
deviceclass	4
実現	4
自分	4
emc	4
リアルタイム	4
ボタン	4
自身	4
4	4
シグナリングサーバ	4
enabled	4
eventhandler	4
今回	4
n	4
m	4
下図	4
ハンドラ	4
?	4
種類	3
最後	3
state	3
viceclassextendsbaseclass	3
何	3
togglemic	3
src	3
=@	3
?...	3
トラブル	3
reliable	3
以下	3
:-	3
入力	3
sctp	3
取得	3
web	3
true	3
関数	3
offer	3
以外	3
__	3
経由	3
図	3
onconnection	3
received	3
デバイス	3
baseclass	3
coffeeclassbaseclass	3
定義	3
シリアライズ	3
化	3
待ち	3
実行	3
経路	3
